Job Role,Skills,Mentions
Data Analyst,sql,92428
Data Analyst,excel,66860
Data Analyst,python,57190
Data Analyst,tableau,46455
Data Analyst,power bi,39380
Data Analyst,r,29996
Data Analyst,sas,27998
Data Analyst,powerpoint,13822
Data Analyst,word,13562
Data Analyst,sap,11280
Data Analyst,azure,10913
Data Analyst,oracle,10387
Data Analyst,aws,9047
Data Analyst,sql server,8288
Data Analyst,go,7905
Data Analyst,flow,7259
Data Analyst,vba,6841
Data Analyst,looker,6259
Data Analyst,snowflake,6178
Data Analyst,qlik,5681
Data Analyst,java,5238
Data Analyst,spark,5029
Data Analyst,jira,4746
Data Analyst,spss,4707
Data Analyst,javascript,4600
Data Analyst,alteryx,4570
Data Analyst,hadoop,4184
Data Analyst,sharepoint,4086
Data Analyst,outlook,4023
Data Analyst,bigquery,3431
Data Analyst,dax,3406
Data Analyst,gcp,3392
Data Analyst,mysql,3180
Data Analyst,databricks,3152
Data Analyst,sheets,3129
Data Analyst,ssis,3031
Data Analyst,c,3002
Data Analyst,git,2925
Data Analyst,pandas,2860
Data Analyst,ssrs,2715
Data Analyst,nosql,2428
Data Analyst,visio,2269
Data Analyst,redshift,2207
Data Analyst,cognos,2140
Data Analyst,spreadsheet,2137
Data Analyst,mongodb,2106
Data Analyst,windows,2022
Data Analyst,matlab,2016
Data Analyst,gdpr,2002
Data Analyst,airflow,2002
Data Analyst,postgresql,1931
Data Analyst,confluence,1922
Data Analyst,scala,1857
Data Analyst,linux,1824
Data Analyst,c++,1796
Data Analyst,express,1795
Data Analyst,html,1793
Data Analyst,ms access,1717
Data Analyst,c#,1647
Data Analyst,microstrategy,1623
Data Analyst,pyspark,1599
Data Analyst,numpy,1532
Data Analyst,t-sql,1426
Data Analyst,github,1385
Data Analyst,kafka,1200
Data Analyst,shell,1198
Data Analyst,crystal,1183
Data Analyst,unix,1170
Data Analyst,visual basic,1080
Data Analyst,css,1041
Data Analyst,db2,1010
Data Analyst,docker,1000
Data Analyst,matplotlib,943
Data Analyst,jupyter,937
Data Analyst,php,887
Data Analyst,vue,887
Data Analyst,firebase,826
Data Analyst,react,789
Data Analyst,tensorflow,771
Data Analyst,spring,731
Data Analyst,splunk,728
Data Analyst,jenkins,726
Data Analyst,chef,725
Data Analyst,scikit-learn,714
Data Analyst,powershell,683
Data Analyst,kubernetes,633
Data Analyst,ruby,610
Data Analyst,perl,577
Data Analyst,terminal,572
Data Analyst,assembly,546
Data Analyst,bash,536
Data Analyst,gitlab,511
Data Analyst,pytorch,485
Data Analyst,zoom,465
Data Analyst,plotly,464
Data Analyst,slack,435
Data Analyst,seaborn,404
Data Analyst,elasticsearch,404
Data Analyst,planner,402
Data Analyst,notion,380
Data Analyst,angular,376
Data Analyst,smartsheet,366
Data Analyst,bitbucket,338
Data Analyst,atlassian,336
Data Analyst,swift,326
Data Analyst,cassandra,320
Data Analyst,phoenix,316
Data Analyst,microsoft teams,311
Data Analyst,mongo,285
Data Analyst,unity,277
Data Analyst,terraform,270
Data Analyst,flask,236
Data Analyst,neo4j,232
Data Analyst,julia,223
Data Analyst,django,217
Data Analyst,jquery,209
Data Analyst,keras,209
Data Analyst,dynamodb,208
Data Analyst,unify,206
Data Analyst,ansible,186
Data Analyst,aurora,183
Data Analyst,vmware,183
Data Analyst,asp.net,181
Data Analyst,no-sql,178
Data Analyst,asana,176
Data Analyst,macos,176
Data Analyst,selenium,157
Data Analyst,ibm cloud,156
Data Analyst,watson,139
Data Analyst,vb.net,130
Data Analyst,typescript,130
Data Analyst,node.js,128
Data Analyst,ggplot2,128
Data Analyst,node,126
Data Analyst,redis,119
Data Analyst,mariadb,117
Data Analyst,trello,110
Data Analyst,rshiny,108
Data Analyst,wire,101
Data Analyst,webex,94
Data Analyst,dplyr,94
Data Analyst,cobol,93
Data Analyst,airtable,88
Data Analyst,graphql,83
Data Analyst,golang,79
Data Analyst,tidyverse,79
Data Analyst,yarn,76
Data Analyst,groovy,71
Data Analyst,rust,67
Data Analyst,dart,65
Data Analyst,kotlin,64
Data Analyst,flutter,63
Data Analyst,arch,63
Data Analyst,monday.com,61
Data Analyst,powerbi,60
Data Analyst,svn,58
Data Analyst,symphony,55
Data Analyst,sqlite,54
Data Analyst,apl,53
Data Analyst,solidity,49
Data Analyst,opencv,46
Data Analyst,redhat,43
Data Analyst,drupal,42
Data Analyst,datarobot,41
Data Analyst,puppet,40
Data Analyst,wrike,39
Data Analyst,sass,39
Data Analyst,fastapi,35
Data Analyst,fortran,35
Data Analyst,nltk,33
Data Analyst,electron,32
Data Analyst,workfront,31
Data Analyst,twilio,30
Data Analyst,ubuntu,29
Data Analyst,cordova,29
Data Analyst,laravel,26
Data Analyst,ruby on rails,25
Data Analyst,openstack,25
Data Analyst,ringcentral,24
Data Analyst,npm,24
Data Analyst,vue.js,24
Data Analyst,google chat,24
Data Analyst,unreal,23
Data Analyst,elixir,23
Data Analyst,symfony,22
Data Analyst,couchbase,22
Data Analyst,centos,21
Data Analyst,clickup,21
Data Analyst,mxnet,20
Data Analyst,lua,17
Data Analyst,delphi,17
Data Analyst,tidyr,16
Data Analyst,wsl,16
Data Analyst,digitalocean,16
Data Analyst,erlang,14
Data Analyst,heroku,13
Data Analyst,nuix,13
Data Analyst,firestore,13
Data Analyst,colocation,13
Data Analyst,svelte,13
Data Analyst,mlr,13
Data Analyst,react.js,12
Data Analyst,ionic,12
Data Analyst,hugging face,11
Data Analyst,objective-c,11
Data Analyst,asp.net core,11
Data Analyst,play framework,10
Data Analyst,clojure,10
Data Analyst,pascal,8
Data Analyst,theano,8
Data Analyst,lisp,8
Data Analyst,debian,8
Data Analyst,qt,8
Data Analyst,microsoft lists,8
Data Analyst,sqlserver,8
Data Analyst,codecommit,6
Data Analyst,blazor,5
Data Analyst,kali,4
Data Analyst,haskell,4
Data Analyst,next.js,4
Data Analyst,f#,4
Data Analyst,couchdb,4
Data Analyst,pulumi,3
Data Analyst,shogun,3
Data Analyst,angular.js,2
Data Analyst,mattermost,2
Data Analyst,xamarin,2
Data Analyst,msaccess,1
Data Analyst,nuxt.js,1
Data Analyst,suse,1
Data Analyst,capacitor,1
Data Analyst,gtx,1
Data Analyst,ovh,1
Data Analyst,esquisse,1
Data Analyst,chainer,1
Data Engineer,sql,113130
Data Engineer,python,108022
Data Engineer,aws,62049
Data Engineer,azure,60674
Data Engineer,spark,53656
Data Engineer,java,35559
Data Engineer,kafka,29073
Data Engineer,hadoop,28815
Data Engineer,scala,28716
Data Engineer,databricks,27477
Data Engineer,snowflake,26624
Data Engineer,airflow,25505
Data Engineer,gcp,22215
Data Engineer,nosql,21965
Data Engineer,git,19257
Data Engineer,power bi,18838
Data Engineer,tableau,18766
Data Engineer,redshift,18010
Data Engineer,sql server,16924
Data Engineer,mongodb,16582
Data Engineer,oracle,16113
Data Engineer,pyspark,16065
Data Engineer,docker,15738
Data Engineer,kubernetes,14844
Data Engineer,r,12655
Data Engineer,linux,11023
Data Engineer,bigquery,10376
Data Engineer,mysql,10049
Data Engineer,terraform,9971
Data Engineer,ssis,9959
Data Engineer,flow,9711
Data Engineer,postgresql,9506
Data Engineer,jenkins,9493
Data Engineer,shell,9374
Data Engineer,go,9001
Data Engineer,excel,8504
Data Engineer,sas,7488
Data Engineer,jira,7238
Data Engineer,github,6995
Data Engineer,cassandra,6665
Data Engineer,c#,6301
Data Engineer,pandas,6251
Data Engineer,javascript,5897
Data Engineer,sap,5669
Data Engineer,unix,5483
Data Engineer,c++,4359
Data Engineer,t-sql,4337
Data Engineer,elasticsearch,4262
Data Engineer,looker,4162
Data Engineer,gitlab,4069
Data Engineer,bash,4026
Data Engineer,dynamodb,3712
Data Engineer,qlik,3583
Data Engineer,confluence,3578
Data Engineer,ansible,3380
Data Engineer,word,3335
Data Engineer,windows,3329
Data Engineer,ssrs,3311
Data Engineer,powershell,3252
Data Engineer,c,2903
Data Engineer,numpy,2762
Data Engineer,ruby,2546
Data Engineer,alteryx,2294
Data Engineer,tensorflow,2290
Data Engineer,dax,2215
Data Engineer,redis,2213
Data Engineer,bitbucket,2134
Data Engineer,react,1995
Data Engineer,gdpr,1971
Data Engineer,spring,1946
Data Engineer,mongo,1936
Data Engineer,db2,1895
Data Engineer,jupyter,1878
Data Engineer,pytorch,1793
Data Engineer,aurora,1649
Data Engineer,scikit-learn,1635
Data Engineer,splunk,1594
Data Engineer,express,1523
Data Engineer,angular,1446
Data Engineer,flask,1445
Data Engineer,neo4j,1429
Data Engineer,html,1407
Data Engineer,no-sql,1347
Data Engineer,cognos,1306
Data Engineer,microstrategy,1297
Data Engineer,golang,1282
Data Engineer,yarn,1263
Data Engineer,perl,1258
Data Engineer,powerpoint,1248
Data Engineer,typescript,1174
Data Engineer,chef,1168
Data Engineer,django,1156
Data Engineer,php,1137
Data Engineer,sharepoint,1036
Data Engineer,graphql,1035
Data Engineer,css,1009
Data Engineer,node.js,906
Data Engineer,matlab,873
Data Engineer,vba,871
Data Engineer,ibm cloud,822
Data Engineer,outlook,804
Data Engineer,visio,758
Data Engineer,keras,748
Data Engineer,vmware,726
Data Engineer,selenium,703
Data Engineer,kotlin,698
Data Engineer,fastapi,678
Data Engineer,vue,651
Data Engineer,node,643
Data Engineer,matplotlib,627
Data Engineer,atlassian,609
Data Engineer,puppet,598
Data Engineer,rust,561
Data Engineer,unity,555
Data Engineer,slack,547
Data Engineer,mariadb,497
Data Engineer,phoenix,476
Data Engineer,svn,442
Data Engineer,notion,432
Data Engineer,groovy,411
Data Engineer,firebase,402
Data Engineer,spss,398
Data Engineer,unify,392
Data Engineer,couchbase,390
Data Engineer,plotly,364
Data Engineer,sheets,343
Data Engineer,zoom,329
Data Engineer,assembly,322
Data Engineer,julia,322
Data Engineer,crystal,317
Data Engineer,redhat,313
Data Engineer,swift,287
Data Engineer,ubuntu,282
Data Engineer,jquery,272
Data Engineer,terminal,261
Data Engineer,asp.net,255
Data Engineer,seaborn,245
Data Engineer,centos,241
Data Engineer,visual basic,218
Data Engineer,colocation,214
Data Engineer,vue.js,182
Data Engineer,firestore,175
Data Engineer,openstack,173
Data Engineer,react.js,173
Data Engineer,spreadsheet,170
Data Engineer,watson,161
Data Engineer,pulumi,159
Data Engineer,macos,155
Data Engineer,planner,146
Data Engineer,ms access,141
Data Engineer,trello,135
Data Engineer,ruby on rails,127
Data Engineer,solidity,124
Data Engineer,datarobot,121
Data Engineer,couchdb,112
Data Engineer,microsoft teams,110
Data Engineer,codecommit,109
Data Engineer,opencv,108
Data Engineer,nltk,108
Data Engineer,clojure,107
Data Engineer,cobol,107
Data Engineer,vb.net,99
Data Engineer,haskell,98
Data Engineer,flutter,95
Data Engineer,wire,90
Data Engineer,rshiny,84
Data Engineer,f#,84
Data Engineer,sqlite,82
Data Engineer,asana,82
Data Engineer,elixir,82
Data Engineer,laravel,78
Data Engineer,debian,71
Data Engineer,sass,70
Data Engineer,airtable,68
Data Engineer,ggplot2,64
Data Engineer,npm,62
Data Engineer,dplyr,62
Data Engineer,smartsheet,60
Data Engineer,ovh,56
Data Engineer,symphony,55
Data Engineer,twilio,53
Data Engineer,webex,49
Data Engineer,mxnet,48
Data Engineer,heroku,48
Data Engineer,theano,47
Data Engineer,arch,47
Data Engineer,symfony,46
Data Engineer,unreal,45
Data Engineer,angular.js,45
Data Engineer,dart,44
Data Engineer,lua,43
Data Engineer,clickup,40
Data Engineer,ionic,39
Data Engineer,drupal,37
Data Engineer,next.js,36
Data Engineer,erlang,33
Data Engineer,fortran,32
Data Engineer,hugging face,31
Data Engineer,powerbi,31
Data Engineer,pascal,28
Data Engineer,objective-c,28
Data Engineer,digitalocean,27
Data Engineer,electron,25
Data Engineer,asp.net core,25
Data Engineer,cordova,23
Data Engineer,monday.com,23
Data Engineer,suse,22
Data Engineer,svelte,19
Data Engineer,gatsby,18
Data Engineer,apl,17
Data Engineer,ringcentral,17
Data Engineer,blazor,17
Data Engineer,tidyverse,17
Data Engineer,qt,16
Data Engineer,wsl,16
Data Engineer,mlpack,15
Data Engineer,delphi,14
Data Engineer,play framework,12
Data Engineer,lisp,11
Data Engineer,google chat,11
Data Engineer,fedora,11
Data Engineer,xamarin,10
Data Engineer,sqlserver,6
Data Engineer,wrike,6
Data Engineer,nuix,5
Data Engineer,ocaml,5
Data Engineer,kali,5
Data Engineer,mattermost,4
Data Engineer,mlr,4
Data Engineer,fastify,4
Data Engineer,workfront,4
Data Engineer,shogun,4
Data Engineer,dlib,3
Data Engineer,homebrew,3
Data Engineer,ember.js,3
Data Engineer,asp.netcore,2
Data Engineer,dingtalk,1
Data Engineer,chainer,1
Data Engineer,linode,1
Data Scientist,python,113711
Data Scientist,sql,78982
Data Scientist,r,59566
Data Scientist,sas,29534
Data Scientist,tableau,29445
Data Scientist,aws,26256
Data Scientist,spark,24286
Data Scientist,azure,21664
Data Scientist,tensorflow,19153
Data Scientist,excel,17545
Data Scientist,java,16254
Data Scientist,power bi,15721
Data Scientist,hadoop,15536
Data Scientist,pytorch,15037
Data Scientist,pandas,14834
Data Scientist,git,12240
Data Scientist,scikit-learn,11611
Data Scientist,numpy,10791
Data Scientist,scala,10390
Data Scientist,gcp,8717
Data Scientist,databricks,8552
Data Scientist,c++,8073
Data Scientist,docker,7741
Data Scientist,go,7628
Data Scientist,keras,7555
Data Scientist,nosql,7458
Data Scientist,pyspark,6854
Data Scientist,matlab,6750
Data Scientist,mongodb,6240
Data Scientist,snowflake,5756
Data Scientist,oracle,5718
Data Scientist,matplotlib,5302
Data Scientist,word,5206
Data Scientist,javascript,5149
Data Scientist,linux,5087
Data Scientist,powerpoint,4848
Data Scientist,c,4731
Data Scientist,kubernetes,4653
Data Scientist,flow,4606
Data Scientist,github,4525
Data Scientist,jupyter,4168
Data Scientist,sql server,4078
Data Scientist,mysql,3939
Data Scientist,airflow,3915
Data Scientist,qlik,3702
Data Scientist,sap,3604
Data Scientist,kafka,3574
Data Scientist,jira,3441
Data Scientist,spss,3341
Data Scientist,bigquery,3193
Data Scientist,looker,3003
Data Scientist,redshift,2857
Data Scientist,postgresql,2604
Data Scientist,c#,2568
Data Scientist,plotly,2457
Data Scientist,jenkins,2330
Data Scientist,seaborn,2320
Data Scientist,alteryx,2068
Data Scientist,vba,2047
Data Scientist,shell,1942
Data Scientist,windows,1874
Data Scientist,elasticsearch,1692
Data Scientist,unix,1667
Data Scientist,nltk,1665
Data Scientist,confluence,1627
Data Scientist,cassandra,1596
Data Scientist,outlook,1515
Data Scientist,bash,1508
Data Scientist,gitlab,1456
Data Scientist,julia,1438
Data Scientist,flask,1430
Data Scientist,express,1427
Data Scientist,spring,1418
Data Scientist,ruby,1412
Data Scientist,html,1403
Data Scientist,perl,1328
Data Scientist,opencv,1228
Data Scientist,react,1217
Data Scientist,neo4j,1168
Data Scientist,sharepoint,1153
Data Scientist,gdpr,1026
Data Scientist,django,1010
Data Scientist,ssis,991
Data Scientist,splunk,978
Data Scientist,css,945
Data Scientist,bitbucket,913
Data Scientist,dax,877
Data Scientist,ggplot2,861
Data Scientist,terraform,829
Data Scientist,microstrategy,817
Data Scientist,angular,736
Data Scientist,php,700
Data Scientist,ssrs,670
Data Scientist,mxnet,668
Data Scientist,tidyverse,642
Data Scientist,t-sql,595
Data Scientist,chef,567
Data Scientist,sheets,557
Data Scientist,theano,556
Data Scientist,visio,542
Data Scientist,vue,532
Data Scientist,fastapi,531
Data Scientist,hugging face,524
Data Scientist,dynamodb,516
Data Scientist,phoenix,516
Data Scientist,cognos,511
Data Scientist,mongo,511
Data Scientist,redis,508
Data Scientist,spreadsheet,503
Data Scientist,no-sql,464
Data Scientist,rshiny,453
Data Scientist,ansible,448
Data Scientist,ibm cloud,443
Data Scientist,db2,439
Data Scientist,datarobot,416
Data Scientist,notion,415
Data Scientist,powershell,411
Data Scientist,atlassian,409
Data Scientist,slack,405
Data Scientist,crystal,403
Data Scientist,golang,402
Data Scientist,dplyr,377
Data Scientist,visual basic,372
Data Scientist,zoom,361
Data Scientist,watson,359
Data Scientist,node.js,344
Data Scientist,aurora,339
Data Scientist,terminal,325
Data Scientist,assembly,316
Data Scientist,typescript,306
Data Scientist,jquery,306
Data Scientist,swift,303
Data Scientist,rust,298
Data Scientist,ms access,295
Data Scientist,yarn,249
Data Scientist,selenium,246
Data Scientist,svn,232
Data Scientist,node,232
Data Scientist,unity,225
Data Scientist,firebase,218
Data Scientist,kotlin,198
Data Scientist,planner,189
Data Scientist,unify,189
Data Scientist,digitalocean,185
Data Scientist,graphql,169
Data Scientist,mariadb,146
Data Scientist,fortran,143
Data Scientist,asp.net,140
Data Scientist,ubuntu,135
Data Scientist,vmware,128
Data Scientist,trello,127
Data Scientist,solidity,124
Data Scientist,microsoft teams,103
Data Scientist,apl,101
Data Scientist,centos,100
Data Scientist,asana,98
Data Scientist,sqlite,93
Data Scientist,macos,92
Data Scientist,puppet,92
Data Scientist,symphony,85
Data Scientist,redhat,84
Data Scientist,electron,82
Data Scientist,arch,75
Data Scientist,flutter,69
Data Scientist,mlr,66
Data Scientist,airtable,65
Data Scientist,unreal,61
Data Scientist,vb.net,58
Data Scientist,groovy,57
Data Scientist,wire,57
Data Scientist,smartsheet,56
Data Scientist,react.js,56
Data Scientist,dart,54
Data Scientist,vue.js,54
Data Scientist,openstack,51
Data Scientist,elixir,49
Data Scientist,couchbase,48
Data Scientist,ruby on rails,47
Data Scientist,npm,47
Data Scientist,clojure,42
Data Scientist,firestore,40
Data Scientist,codecommit,40
Data Scientist,lua,36
Data Scientist,monday.com,35
Data Scientist,powerbi,35
Data Scientist,lisp,34
Data Scientist,tidyr,33
Data Scientist,cordova,32
Data Scientist,wsl,31
Data Scientist,twilio,30
Data Scientist,webex,30
Data Scientist,haskell,29
Data Scientist,laravel,29
Data Scientist,qt,29
Data Scientist,drupal,26
Data Scientist,heroku,22
Data Scientist,ringcentral,22
Data Scientist,colocation,21
Data Scientist,pascal,21
Data Scientist,pulumi,19
Data Scientist,sass,18
Data Scientist,dlib,16
Data Scientist,debian,16
Data Scientist,cobol,15
Data Scientist,ovh,15
Data Scientist,next.js,14
Data Scientist,angular.js,12
Data Scientist,erlang,11
Data Scientist,delphi,11
Data Scientist,couchdb,11
Data Scientist,blazor,10
Data Scientist,nuix,10
Data Scientist,asp.net core,10
Data Scientist,fedora,9
Data Scientist,objective-c,9
Data Scientist,ionic,9
Data Scientist,svelte,9
Data Scientist,symfony,8
Data Scientist,wrike,8
Data Scientist,mlpack,8
Data Scientist,homebrew,8
Data Scientist,chainer,7
Data Scientist,linode,6
Data Scientist,ocaml,6
Data Scientist,f#,6
Data Scientist,clickup,5
Data Scientist,xamarin,5
Data Scientist,huggingface,4
Data Scientist,fastify,3
Data Scientist,workfront,2
Data Scientist,esquisse,2
Data Scientist,play framework,2
Data Scientist,sqlserver,1
Data Scientist,nuxt.js,1
Data Scientist,mattermost,1
Data Scientist,wimi,1
Data Scientist,shogun,1
Business Analyst,sql,17346
Business Analyst,excel,17108
Business Analyst,tableau,9313
Business Analyst,power bi,9229
Business Analyst,python,8089
Business Analyst,powerpoint,4583
Business Analyst,r,4032
Business Analyst,word,3666
Business Analyst,sap,3641
Business Analyst,sas,3602
Business Analyst,azure,2533
Business Analyst,flow,2401
Business Analyst,oracle,2325
Business Analyst,go,1908
Business Analyst,sql server,1840
Business Analyst,aws,1820
Business Analyst,jira,1723
Business Analyst,vba,1439
Business Analyst,dax,1188
Business Analyst,snowflake,1187
Business Analyst,outlook,1154
Business Analyst,qlik,1145
Business Analyst,looker,1129
Business Analyst,java,1121
Business Analyst,alteryx,1078
Business Analyst,sharepoint,963
Business Analyst,ssis,919
Business Analyst,visio,862
Business Analyst,ssrs,813
Business Analyst,sheets,777
Business Analyst,javascript,771
Business Analyst,spark,745
Business Analyst,confluence,727
Business Analyst,c,628
Business Analyst,hadoop,627
Business Analyst,redshift,622
Business Analyst,linux,607
Business Analyst,express,590
Business Analyst,gcp,580
Business Analyst,windows,576
Business Analyst,mysql,540
Business Analyst,databricks,528
Business Analyst,cognos,522
Business Analyst,git,519
Business Analyst,microstrategy,517
Business Analyst,bigquery,509
Business Analyst,spss,504
Business Analyst,spreadsheet,443
Business Analyst,t-sql,397
Business Analyst,html,374
Business Analyst,mongodb,352
Business Analyst,gdpr,343
Business Analyst,nosql,342
Business Analyst,c#,329
Business Analyst,kubernetes,325
Business Analyst,postgresql,321
Business Analyst,airflow,318
Business Analyst,docker,308
Business Analyst,shell,292
Business Analyst,selenium,280
Business Analyst,jenkins,263
Business Analyst,pandas,259
Business Analyst,ms access,258
Business Analyst,github,249
Business Analyst,css,241
Business Analyst,scala,234
Business Analyst,c++,221
Business Analyst,kafka,220
Business Analyst,matlab,215
Business Analyst,react,211
Business Analyst,ruby,204
Business Analyst,visual basic,193
Business Analyst,crystal,185
Business Analyst,unix,182
Business Analyst,terraform,177
Business Analyst,pyspark,177
Business Analyst,splunk,170
Business Analyst,swift,165
Business Analyst,powershell,162
Business Analyst,php,160
Business Analyst,assembly,154
Business Analyst,db2,151
Business Analyst,bash,148
Business Analyst,terminal,143
Business Analyst,numpy,142
Business Analyst,phoenix,134
Business Analyst,gitlab,133
Business Analyst,zoom,127
Business Analyst,spring,125
Business Analyst,slack,124
Business Analyst,planner,121
Business Analyst,ansible,120
Business Analyst,atlassian,118
Business Analyst,chef,116
Business Analyst,perl,104
Business Analyst,vmware,104
Business Analyst,jupyter,98
Business Analyst,notion,95
Business Analyst,scikit-learn,95
Business Analyst,vue,93
Business Analyst,tensorflow,90
Business Analyst,matplotlib,88
Business Analyst,angular,87
Business Analyst,firebase,86
Business Analyst,smartsheet,84
Business Analyst,unity,81
Business Analyst,bitbucket,81
Business Analyst,watson,79
Business Analyst,wire,76
Business Analyst,typescript,75
Business Analyst,cassandra,74
Business Analyst,elasticsearch,71
Business Analyst,asana,71
Business Analyst,pytorch,66
Business Analyst,trello,65
Business Analyst,unify,60
Business Analyst,microsoft teams,53
Business Analyst,redis,52
Business Analyst,vb.net,44
Business Analyst,rust,42
Business Analyst,dynamodb,41
Business Analyst,mongo,41
Business Analyst,keras,40
Business Analyst,django,39
Business Analyst,asp.net,39
Business Analyst,golang,38
Business Analyst,node,38
Business Analyst,macos,36
Business Analyst,jquery,36
Business Analyst,seaborn,34
Business Analyst,node.js,34
Business Analyst,julia,32
Business Analyst,ubuntu,32
Business Analyst,graphql,30
Business Analyst,mariadb,29
Business Analyst,aurora,26
Business Analyst,openstack,26
Business Analyst,npm,25
Business Analyst,flutter,25
Business Analyst,monday.com,24
Business Analyst,puppet,23
Business Analyst,svn,23
Business Analyst,plotly,23
Business Analyst,clickup,23
Business Analyst,cobol,22
Business Analyst,kotlin,22
Business Analyst,colocation,22
Business Analyst,ibm cloud,21
Business Analyst,flask,21
Business Analyst,neo4j,20
Business Analyst,groovy,19
Business Analyst,no-sql,19
Business Analyst,yarn,18
Business Analyst,airtable,17
Business Analyst,arch,17
Business Analyst,webex,17
Business Analyst,drupal,17
Business Analyst,redhat,16
Business Analyst,fastapi,14
Business Analyst,workfront,13
Business Analyst,powerbi,12
Business Analyst,symphony,12
Business Analyst,electron,11
Business Analyst,solidity,11
Business Analyst,react.js,10
Business Analyst,dart,10
Business Analyst,sass,10
Business Analyst,mlr,10
Business Analyst,dplyr,9
Business Analyst,twilio,8
Business Analyst,nltk,8
Business Analyst,heroku,8
Business Analyst,ringcentral,7
Business Analyst,datarobot,7
Business Analyst,objective-c,7
Business Analyst,delphi,6
Business Analyst,unreal,6
Business Analyst,ruby on rails,6
Business Analyst,couchbase,6
Business Analyst,hugging face,5
Business Analyst,debian,5
Business Analyst,vue.js,5
Business Analyst,laravel,5
Business Analyst,opencv,5
Business Analyst,centos,5
Business Analyst,pulumi,5
Business Analyst,elixir,5
Business Analyst,lua,5
Business Analyst,rshiny,5
Business Analyst,mxnet,4
Business Analyst,sqlite,4
Business Analyst,ggplot2,4
Business Analyst,wrike,4
Business Analyst,suse,4
Business Analyst,theano,4
Business Analyst,firestore,3
Business Analyst,ocaml,3
Business Analyst,mattermost,3
Business Analyst,asp.net core,3
Business Analyst,tidyverse,3
Business Analyst,symfony,3
Business Analyst,apl,3
Business Analyst,fortran,3
Business Analyst,next.js,3
Business Analyst,sqlserver,2
Business Analyst,cordova,2
Business Analyst,pascal,2
Business Analyst,couchdb,2
Business Analyst,lisp,2
Business Analyst,svelte,2
Business Analyst,haskell,2
Business Analyst,clojure,2
Business Analyst,google chat,2
Business Analyst,play framework,2
Business Analyst,ionic,1
Business Analyst,kali,1
Business Analyst,codecommit,1
Business Analyst,f#,1
Business Analyst,digitalocean,1
Business Analyst,tidyr,1
Business Analyst,chainer,1
Business Analyst,shogun,1
Business Analyst,capacitor,1
